,carrier,p_nom,bus,yearcommissioned,retrofit,year_removed
DE0 1 ror,ror,146.0,DE0 1,1978,1978.0,2078
DE0 1 ror,ror,46.7,DE0 1,2010,2010.0,2110
DE0 2 ror,ror,12.0,DE0 2,1981,1981.0,2081
DE0 A ror,ror,14.0,DE0 A,1938,1938.0,2038
DE0 2 ror,ror,12.2,DE0 2,1980,1980.0,2080
DE0 B ror,ror,12.1,DE0 B,1985,1985.0,2085
DE0 2 ror,ror,10.9,DE0 2,1956,1956.0,2056
DE0 1 ror,ror,65.0,DE0 1,1918,1926.0,2026
DE0 2 ror,ror,35.1,DE0 2,1960,1960.0,2060
DE0 2 ror,ror,23.2,DE0 2,1955,1955.0,2055
DE0 2 ror,ror,23.3,DE0 2,1992,1992.0,2092
DE0 2 ror,ror,10.1,DE0 2,1966,1966.0,2066
DE0 2 ror,ror,25.0,DE0 2,1930,1930.0,2030
DE0 2 ror,ror,12.4,DE0 2,1983,1983.0,2083
DE0 B ror,ror,13.6,DE0 B,1964,1964.0,2064
DE0 B ror,ror,20.0,DE0 B,1965,1965.0,2065
DE0 1 ror,ror,14.2,DE0 1,1924,1924.0,2024
DE0 2 ror,ror,21.5,DE0 2,1994,1994.0,2094
DE0 2 ror,ror,24.1,DE0 2,1938,1938.0,2038
DE0 2 ror,ror,25.0,DE0 2,1938,1938.0,2038
DE0 B ror,ror,18.8,DE0 B,1962,1962.0,2062
DE0 2 ror,ror,85.3,DE0 2,1924,1924.0,2024
DE0 2 ror,ror,92.0,DE0 2,1960,1983.0,2083
DE0 B ror,ror,20.0,DE0 B,1962,1962.0,2062
DE0 2 ror,ror,53.7,DE0 2,1927,1927.0,2027
DE0 2 ror,ror,132.059,DE0 2,1955,1955.0,2055
DE0 2 ror,ror,19.8,DE0 2,1971,1971.0,2071
DE0 2 ror,ror,12.6,DE0 2,1984,1984.0,2084
DE0 B ror,ror,16.0,DE0 B,1951,1951.0,2051
DE0 2 ror,ror,16.7,DE0 2,1975,1975.0,2075
DE0 2 ror,ror,11.3,DE0 2,1922,1922.0,2022
DE0 2 ror,ror,19.4,DE0 2,1977,1977.0,2077
DE0 2 ror,ror,86.4,DE0 2,1965,1965.0,2065
DE0 2 ror,ror,12.1,DE0 2,1984,1984.0,2084
DE0 2 ror,ror,19.2,DE0 2,1971,1971.0,2071
DE0 2 ror,ror,12.6,DE0 2,1994,1994.0,2094
DE0 2 ror,ror,22.3,DE0 2,1929,1929.0,2029
DE0 9 ror,ror,16.4,DE0 9,1965,1965.0,2065
DE0 2 ror,ror,12.0,DE0 2,1978,1978.0,2078
DE0 2 ror,ror,11.9,DE0 2,1954,1954.0,2054
DE0 2 ror,ror,11.2,DE0 2,1924,1924.0,2024
DE0 2 ror,ror,12.8,DE0 2,1955,1955.0,2055
DE0 2 ror,ror,16.2,DE0 2,1951,1951.0,2051
DE0 B ror,ror,16.4,DE0 B,1966,1966.0,2066
DE0 1 ror,ror,50.0,DE0 1,1953,1953.0,2053
DE0 2 ror,ror,10.3,DE0 2,1967,1967.0,2067
DE0 2 ror,ror,12.6,DE0 2,1988,1988.0,2088
DE0 2 ror,ror,10.1,DE0 2,1965,1965.0,2065
DE0 B ror,ror,16.4,DE0 B,1963,1963.0,2063
DE0 2 ror,ror,38.2,DE0 2,1970,1970.0,2070
DE0 1 ror,ror,11.0,DE0 1,1927,1927.0,2027
DE0 B ror,ror,24.0,DE0 B,1962,1962.0,2062
DE0 2 ror,ror,15.0,DE0 2,1957,1957.0,2057
DE0 2 ror,ror,16.6,DE0 2,1960,1960.0,2060
DE0 2 ror,ror,124.4,DE0 2,1944,1944.0,2044
DE0 2 ror,ror,26.0,DE0 2,1925,1925.0,2025
DE0 2 ror,ror,9.7,DE0 2,1952,1952.0,2052
DE0 B ror,ror,18.4,DE0 B,1966,1966.0,2066
DE0 2 ror,ror,23.7,DE0 2,1970,1970.0,2070
DE0 2 ror,ror,18.9,DE0 2,1968,1968.0,2068
DE0 A ror,ror,15.0,DE0 A,1965,1965.0,2065
DE0 2 ror,ror,20.2,DE0 2,1969,1969.0,2069
DE0 1 ror,ror,80.62,DE0 1,1934,1934.0,2034
DE0 4 ror,ror,17.8,DE0 4,1951,1951.0,2051
DE0 2 ror,ror,45.0,DE0 2,1922,1922.0,2022
DE0 2 ror,ror,27.0,DE0 2,1924,1924.0,2024
DE0 2 ror,ror,10.0,DE0 2,1982,1982.0,2082
DE0 2 ror,ror,14.8,DE0 2,1957,1957.0,2057
DE0 2 ror,ror,25.0,DE0 2,1938,1938.0,2038
DE0 2 ror,ror,25.0,DE0 2,1985,1985.0,2085
DE0 1 ror,ror,0.132,DE0 1,1957,1957.0,2057
DE0 7 ror,ror,0.099,DE0 7,1957,1957.0,2057
DE0 G ror,ror,0.5,DE0 G,1957,1957.0,2057
DE0 D ror,ror,0.413,DE0 D,1957,1957.0,2057
DE0 2 ror,ror,2.6,DE0 2,1957,1957.0,2057
DE0 2 ror,ror,0.145,DE0 2,1957,1957.0,2057
DE0 2 ror,ror,0.24,DE0 2,1957,1957.0,2057
DE0 A ror,ror,5.4,DE0 A,1957,1957.0,2057
DE0 D ror,ror,0.18,DE0 D,1957,1957.0,2057
DE0 1 ror,ror,0.09,DE0 1,1957,1957.0,2057
DE0 1 ror,ror,0.82,DE0 1,1957,1957.0,2057
DE0 1 ror,ror,0.08,DE0 1,1957,1957.0,2057
DE0 2 ror,ror,0.075,DE0 2,1957,1957.0,2057
DE0 1 ror,ror,22.0,DE0 1,1957,1957.0,2057
DE0 2 ror,ror,2.4,DE0 2,1957,1957.0,2057
DE0 D ror,ror,1.785,DE0 D,1957,1957.0,2057
DE0 A ror,ror,0.16,DE0 A,1957,1957.0,2057
DE0 2 ror,ror,1.1,DE0 2,1957,1957.0,2057
DE0 9 ror,ror,4.515,DE0 9,1957,1957.0,2057
DE0 7 ror,ror,0.511,DE0 7,1957,1957.0,2057
DE0 2 ror,ror,0.0375,DE0 2,1957,1957.0,2057
DE0 9 ror,ror,4.86,DE0 9,1957,1957.0,2057
DE0 A ror,ror,1.45,DE0 A,1957,1957.0,2057
DE0 A ror,ror,0.225,DE0 A,1957,1957.0,2057
DE0 1 ror,ror,0.8,DE0 1,1957,1957.0,2057
DE0 2 ror,ror,0.148,DE0 2,1957,1957.0,2057
DE0 1 ror,ror,0.084,DE0 1,1957,1957.0,2057
DE0 1 ror,ror,0.6,DE0 1,1957,1957.0,2057
DE0 9 ror,ror,0.1,DE0 9,1957,1957.0,2057
DE0 2 ror,ror,0.66,DE0 2,1957,1957.0,2057
DE0 1 ror,ror,0.3,DE0 1,1957,1957.0,2057
DE0 A ror,ror,0.4,DE0 A,1957,1957.0,2057
DE0 A ror,ror,0.352,DE0 A,1957,1957.0,2057
DE0 1 ror,ror,0.97,DE0 1,1957,1957.0,2057
DE0 2 ror,ror,0.18,DE0 2,1957,1957.0,2057
DE0 2 ror,ror,0.55,DE0 2,1957,1957.0,2057
DE0 2 ror,ror,0.35,DE0 2,1957,1957.0,2057
DE0 A ror,ror,1.504,DE0 A,1957,1957.0,2057
DE0 D ror,ror,0.505,DE0 D,1957,1957.0,2057
DE0 1 ror,ror,1.0,DE0 1,1957,1957.0,2057
DE0 1 ror,ror,0.19,DE0 1,1957,1957.0,2057
DE0 G ror,ror,0.88,DE0 G,1957,1957.0,2057
DE0 2 ror,ror,36.5,DE0 2,1942,1942.0,2042
DE0 2 ror,ror,36.6,DE0 2,1982,1982.0,2082
DE0 1 ror,ror,19.0,DE0 1,1942,1942.0,2042
DE0 2 ror,ror,10.5,DE0 2,1959,1959.0,2059
DE0 9 ror,ror,29.9,DE0 9,2011,2011.0,2111
DE0 2 ror,ror,130.3,DE0 2,1952,1958.0,2058
DE0 2 ror,ror,0.5,DE0 2,1957,1957.0,2057
DE0 2 ror,ror,6.05,DE0 2,1957,1957.0,2057
DE0 1 ror,ror,0.13,DE0 1,1957,1957.0,2057
DE0 D ror,ror,0.6459999999999999,DE0 D,1957,1957.0,2057
DE0 9 ror,ror,0.75,DE0 9,1957,1957.0,2057
DE0 2 ror,ror,1.79,DE0 2,1957,1957.0,2057
DE0 D ror,ror,0.6,DE0 D,1957,1957.0,2057
DE0 7 ror,ror,0.037,DE0 7,1957,1957.0,2057
DE0 1 ror,ror,0.055,DE0 1,1957,1957.0,2057
DE0 D ror,ror,1.05,DE0 D,1957,1957.0,2057
DE0 1 ror,ror,0.5,DE0 1,1957,1957.0,2057
DE0 2 ror,ror,1.08,DE0 2,1957,1957.0,2057
DE0 2 ror,ror,0.672,DE0 2,1957,1957.0,2057
DE0 D ror,ror,0.88,DE0 D,1957,1957.0,2057
DE0 A ror,ror,0.6,DE0 A,1957,1957.0,2057
DE0 1 ror,ror,0.044,DE0 1,1957,1957.0,2057
DE0 B ror,ror,0.42,DE0 B,1957,1957.0,2057
DE0 2 ror,ror,2.6,DE0 2,1957,1957.0,2057
DE0 1 ror,ror,0.15,DE0 1,1957,1957.0,2057
DE0 2 ror,ror,0.28,DE0 2,1957,1957.0,2057
DE0 B ror,ror,1.7280000000000002,DE0 B,1957,1957.0,2057
DE0 2 ror,ror,0.285,DE0 2,1957,1957.0,2057
DE0 D ror,ror,0.56,DE0 D,1957,1957.0,2057
DE0 1 ror,ror,0.992,DE0 1,1957,1957.0,2057
DE0 A ror,ror,0.8,DE0 A,1957,1957.0,2057
DE0 2 ror,ror,0.55,DE0 2,1957,1957.0,2057
DE0 2 ror,ror,0.12,DE0 2,1957,1957.0,2057
DE0 1 ror,ror,0.465,DE0 1,1957,1957.0,2057
DE0 1 ror,ror,0.08,DE0 1,1957,1957.0,2057
DE0 2 ror,ror,2.5,DE0 2,1957,1957.0,2057
DE0 1 ror,ror,0.064,DE0 1,1957,1957.0,2057
DE0 1 ror,ror,1.152,DE0 1,1957,1957.0,2057
DE0 1 ror,ror,0.107,DE0 1,1957,1957.0,2057
DE0 2 ror,ror,0.132,DE0 2,1957,1957.0,2057
DE0 2 ror,ror,1.155,DE0 2,1957,1957.0,2057
DE0 2 ror,ror,0.16,DE0 2,1957,1957.0,2057
DE0 B ror,ror,1.7280000000000002,DE0 B,1957,1957.0,2057
DE0 1 ror,ror,0.452,DE0 1,1957,1957.0,2057
DE0 2 ror,ror,4.42,DE0 2,1957,1957.0,2057
DE0 1 ror,ror,0.35,DE0 1,1957,1957.0,2057
DE0 1 ror,ror,0.13,DE0 1,1957,1957.0,2057
DE0 2 ror,ror,0.72,DE0 2,1957,1957.0,2057
DE0 2 ror,ror,0.205,DE0 2,1957,1957.0,2057
DE0 B ror,ror,0.8,DE0 B,1957,1957.0,2057
DE0 2 ror,ror,0.39,DE0 2,1957,1957.0,2057
DE0 9 ror,ror,0.43,DE0 9,1957,1957.0,2057
DE0 B ror,ror,0.06,DE0 B,1957,1957.0,2057
DE0 2 ror,ror,0.637,DE0 2,1957,1957.0,2057
DE0 G ror,ror,0.42,DE0 G,1957,1957.0,2057
DE0 1 ror,ror,0.2,DE0 1,1957,1957.0,2057
DE0 A ror,ror,0.11,DE0 A,1957,1957.0,2057
DE0 2 ror,ror,0.05,DE0 2,1957,1957.0,2057
DE0 D ror,ror,0.72,DE0 D,1957,1957.0,2057
DE0 A ror,ror,1.4,DE0 A,1957,1957.0,2057
DE0 2 ror,ror,0.196,DE0 2,1957,1957.0,2057
DE0 2 ror,ror,0.09,DE0 2,1957,1957.0,2057
DE0 2 ror,ror,2.4,DE0 2,1957,1957.0,2057
DE0 2 ror,ror,3.35,DE0 2,1957,1957.0,2057
DE0 1 ror,ror,0.279,DE0 1,1957,1957.0,2057
DE0 1 ror,ror,3.05,DE0 1,1957,1957.0,2057
DE0 2 ror,ror,26.1,DE0 2,1951,1951.0,2051
DE0 2 ror,ror,30.0,DE0 2,1992,1992.0,2092
DE0 1 ror,ror,30.0,DE0 1,1930,1984.0,2084
DE0 2 ror,ror,18.0,DE0 2,1951,1951.0,2051
DE0 B ror,ror,0.12,DE0 B,1957,1957.0,2057
DE0 E ror,ror,0.032,DE0 E,1957,1957.0,2057
DE0 2 ror,ror,0.08,DE0 2,1957,1957.0,2057
DE0 1 ror,ror,0.1195,DE0 1,1957,1957.0,2057
DE0 2 ror,ror,0.108,DE0 2,1957,1957.0,2057
DE0 1 ror,ror,0.09,DE0 1,1957,1957.0,2057
DE0 1 ror,ror,0.075,DE0 1,1957,1957.0,2057
DE0 1 ror,ror,0.037,DE0 1,1957,1957.0,2057
DE0 2 ror,ror,0.04636,DE0 2,1957,1957.0,2057
DE0 2 ror,ror,0.06,DE0 2,1957,1957.0,2057
DE0 2 ror,ror,0.04864,DE0 2,1957,1957.0,2057
DE0 2 ror,ror,0.145,DE0 2,1957,1957.0,2057
DE0 1 ror,ror,0.4,DE0 1,1957,1957.0,2057
DE0 1 ror,ror,0.036,DE0 1,1957,1957.0,2057
DE0 1 ror,ror,0.25,DE0 1,1957,1957.0,2057
DE0 A ror,ror,0.075,DE0 A,1957,1957.0,2057
DE0 7 ror,ror,0.037,DE0 7,1957,1957.0,2057
DE0 1 ror,ror,0.063,DE0 1,1957,1957.0,2057
DE0 2 ror,ror,0.068,DE0 2,1957,1957.0,2057
DE0 2 ror,ror,0.1,DE0 2,1957,1957.0,2057
DE0 2 ror,ror,1.402,DE0 2,1957,1957.0,2057
DE0 1 ror,ror,0.63,DE0 1,1957,1957.0,2057
DE0 2 ror,ror,0.4350000000000001,DE0 2,1957,1957.0,2057
DE0 2 ror,ror,0.2,DE0 2,1957,1957.0,2057
DE0 2 ror,ror,0.061,DE0 2,1957,1957.0,2057
DE0 D ror,ror,0.35,DE0 D,1957,1957.0,2057
DE0 2 ror,ror,0.39,DE0 2,1957,1957.0,2057
DE0 2 ror,ror,0.355,DE0 2,1957,1957.0,2057
DE0 D ror,ror,0.45,DE0 D,1957,1957.0,2057
DE0 D ror,ror,0.04854,DE0 D,1957,1957.0,2057
DE0 2 ror,ror,0.05,DE0 2,1957,1957.0,2057
DE0 2 ror,ror,0.075,DE0 2,1957,1957.0,2057
DE0 1 ror,ror,0.055,DE0 1,1957,1957.0,2057
DE0 D ror,ror,0.6459999999999999,DE0 D,1957,1957.0,2057
DE0 1 ror,ror,0.075,DE0 1,1957,1957.0,2057
DE0 A ror,ror,59.99999999999999,DE0 A,1957,1957.0,2057
DE0 1 ror,ror,0.212,DE0 1,1957,1957.0,2057
DE0 1 ror,ror,0.035,DE0 1,1957,1957.0,2057
DE0 2 ror,ror,0.165,DE0 2,1957,1957.0,2057
DE0 8 ror,ror,0.17,DE0 8,1957,1957.0,2057
DE0 A ror,ror,1.04,DE0 A,1957,1957.0,2057
DE0 A ror,ror,5.8500000000000005,DE0 A,1957,1957.0,2057
DE0 E ror,ror,0.22,DE0 E,1957,1957.0,2057
DE0 7 ror,ror,0.16,DE0 7,1957,1957.0,2057
DE0 D ror,ror,0.53,DE0 D,1957,1957.0,2057
DE0 1 ror,ror,0.482,DE0 1,1957,1957.0,2057
DE0 D ror,ror,0.516,DE0 D,1957,1957.0,2057
DE0 A ror,ror,0.09,DE0 A,1957,1957.0,2057
DE0 2 ror,ror,0.05,DE0 2,1957,1957.0,2057
DE0 2 ror,ror,0.105,DE0 2,1957,1957.0,2057
DE0 2 ror,ror,0.286,DE0 2,1957,1957.0,2057
DE0 2 ror,ror,0.4,DE0 2,1957,1957.0,2057
DE0 1 ror,ror,0.032,DE0 1,1957,1957.0,2057
DE0 1 ror,ror,0.085,DE0 1,1957,1957.0,2057
DE0 A ror,ror,0.33,DE0 A,1957,1957.0,2057
DE0 A ror,ror,0.24,DE0 A,1957,1957.0,2057
DE0 A ror,ror,0.06,DE0 A,1957,1957.0,2057
DE0 A ror,ror,0.075,DE0 A,1957,1957.0,2057
DE0 1 ror,ror,0.055,DE0 1,1957,1957.0,2057
DE0 G ror,ror,0.11,DE0 G,1957,1957.0,2057
DE0 2 ror,ror,0.108,DE0 2,1957,1957.0,2057
DE0 2 ror,ror,0.0575,DE0 2,1957,1957.0,2057
DE0 G ror,ror,1.6,DE0 G,1957,1957.0,2057
DE0 G ror,ror,0.3,DE0 G,1957,1957.0,2057
DE0 B ror,ror,0.05,DE0 B,1957,1957.0,2057
DE0 G ror,ror,0.055,DE0 G,1957,1957.0,2057
DE0 1 ror,ror,0.25,DE0 1,1957,1957.0,2057
DE0 7 ror,ror,0.036,DE0 7,1957,1957.0,2057
DE0 9 ror,ror,0.224,DE0 9,1957,1957.0,2057
DE0 9 ror,ror,0.24,DE0 9,1957,1957.0,2057
DE0 2 ror,ror,0.39,DE0 2,1957,1957.0,2057
DE0 2 ror,ror,0.075,DE0 2,1957,1957.0,2057
DE0 D ror,ror,0.1,DE0 D,1957,1957.0,2057
DE0 2 ror,ror,0.05,DE0 2,1957,1957.0,2057
DE0 7 ror,ror,0.35,DE0 7,1957,1957.0,2057
DE0 7 ror,ror,0.105,DE0 7,1957,1957.0,2057
DE0 2 ror,ror,0.075,DE0 2,1957,1957.0,2057
DE0 1 ror,ror,0.32,DE0 1,1957,1957.0,2057
DE0 2 ror,ror,0.08,DE0 2,1957,1957.0,2057
DE0 2 ror,ror,0.145,DE0 2,1957,1957.0,2057
DE0 2 ror,ror,0.095,DE0 2,1957,1957.0,2057
DE0 2 ror,ror,0.1,DE0 2,1957,1957.0,2057
DE0 A ror,ror,0.48,DE0 A,1957,1957.0,2057
DE0 D ror,ror,0.18,DE0 D,1957,1957.0,2057
DE0 1 ror,ror,0.072,DE0 1,1957,1957.0,2057
DE0 1 ror,ror,0.08,DE0 1,1957,1957.0,2057
DE0 2 ror,ror,0.0485,DE0 2,1957,1957.0,2057
DE0 2 ror,ror,0.26,DE0 2,1957,1957.0,2057
DE0 1 ror,ror,0.18,DE0 1,1957,1957.0,2057
DE0 2 ror,ror,0.07,DE0 2,1957,1957.0,2057
DE0 D ror,ror,0.755,DE0 D,1957,1957.0,2057
DE0 1 ror,ror,0.37,DE0 1,1957,1957.0,2057
DE0 2 ror,ror,0.8800000000000001,DE0 2,1957,1957.0,2057
DE0 2 ror,ror,0.05,DE0 2,1957,1957.0,2057
DE0 2 ror,ror,0.15,DE0 2,1957,1957.0,2057
DE0 2 ror,ror,0.09,DE0 2,1957,1957.0,2057
DE0 1 ror,ror,0.075,DE0 1,1957,1957.0,2057
DE0 7 ror,ror,0.97,DE0 7,1957,1957.0,2057
DE0 8 ror,ror,0.145,DE0 8,1957,1957.0,2057
DE0 1 ror,ror,0.075,DE0 1,1957,1957.0,2057
DE0 D ror,ror,0.617,DE0 D,1957,1957.0,2057
DE0 D ror,ror,0.155,DE0 D,1957,1957.0,2057
DE0 2 ror,ror,0.1,DE0 2,1957,1957.0,2057
DE0 D ror,ror,0.25,DE0 D,1957,1957.0,2057
DE0 E ror,ror,0.34,DE0 E,1957,1957.0,2057
DE0 2 ror,ror,0.037,DE0 2,1957,1957.0,2057
DE0 2 ror,ror,0.08,DE0 2,1957,1957.0,2057
DE0 2 ror,ror,0.055,DE0 2,1957,1957.0,2057
DE0 F ror,ror,0.11,DE0 F,1957,1957.0,2057
DE0 1 ror,ror,0.145,DE0 1,1957,1957.0,2057
DE0 D ror,ror,0.6,DE0 D,1957,1957.0,2057
DE0 2 ror,ror,0.15,DE0 2,1957,1957.0,2057
DE0 1 ror,ror,0.08,DE0 1,1957,1957.0,2057
DE0 2 ror,ror,0.3,DE0 2,1957,1957.0,2057
DE0 1 ror,ror,0.045,DE0 1,1957,1957.0,2057
DE0 D ror,ror,0.22,DE0 D,1957,1957.0,2057
DE0 1 ror,ror,0.23,DE0 1,1957,1957.0,2057
DE0 2 ror,ror,0.037,DE0 2,1957,1957.0,2057
DE0 2 ror,ror,0.11,DE0 2,1957,1957.0,2057
DE0 2 ror,ror,0.085,DE0 2,1957,1957.0,2057
DE0 D ror,ror,1.4,DE0 D,1957,1957.0,2057
DE0 2 ror,ror,0.136,DE0 2,1957,1957.0,2057
DE0 2 ror,ror,0.04,DE0 2,1957,1957.0,2057
DE0 D ror,ror,0.055,DE0 D,1957,1957.0,2057
DE0 G ror,ror,0.6625,DE0 G,1957,1957.0,2057
DE0 2 ror,ror,0.35,DE0 2,1957,1957.0,2057
DE0 A ror,ror,0.314,DE0 A,1957,1957.0,2057
DE0 2 ror,ror,0.092,DE0 2,1957,1957.0,2057
DE0 D ror,ror,0.45,DE0 D,1957,1957.0,2057
DE0 2 ror,ror,0.054,DE0 2,1957,1957.0,2057
DE0 2 ror,ror,0.055,DE0 2,1957,1957.0,2057
DE0 9 ror,ror,0.15,DE0 9,1957,1957.0,2057
DE0 2 ror,ror,0.96,DE0 2,1957,1957.0,2057
DE0 2 ror,ror,0.032,DE0 2,1957,1957.0,2057
DE0 2 ror,ror,0.055,DE0 2,1957,1957.0,2057
DE0 1 ror,ror,0.135,DE0 1,1957,1957.0,2057
DE0 1 ror,ror,0.075,DE0 1,1957,1957.0,2057
DE0 D ror,ror,2.55,DE0 D,1957,1957.0,2057
DE0 2 ror,ror,0.18,DE0 2,1957,1957.0,2057
DE0 2 ror,ror,0.06,DE0 2,1957,1957.0,2057
DE0 4 ror,ror,20.3,DE0 4,1957,1957.0,2057
DE0 2 ror,ror,0.06,DE0 2,1957,1957.0,2057
DE0 2 ror,ror,0.09,DE0 2,1957,1957.0,2057
DE0 2 ror,ror,0.294,DE0 2,1957,1957.0,2057
DE0 2 ror,ror,0.125,DE0 2,1957,1957.0,2057
DE0 7 ror,ror,0.685,DE0 7,1957,1957.0,2057
DE0 D ror,ror,0.22,DE0 D,1957,1957.0,2057
DE0 2 ror,ror,0.032,DE0 2,1957,1957.0,2057
DE0 1 ror,ror,0.235,DE0 1,1957,1957.0,2057
DE0 2 ror,ror,0.074,DE0 2,1957,1957.0,2057
DE0 2 ror,ror,0.4,DE0 2,1957,1957.0,2057
DE0 1 ror,ror,0.316,DE0 1,1957,1957.0,2057
DE0 7 ror,ror,0.038,DE0 7,1957,1957.0,2057
DE0 2 ror,ror,0.15,DE0 2,1957,1957.0,2057
DE0 2 ror,ror,0.305,DE0 2,1957,1957.0,2057
DE0 G ror,ror,0.075,DE0 G,1957,1957.0,2057
DE0 G ror,ror,0.075,DE0 G,1957,1957.0,2057
DE0 2 ror,ror,0.07,DE0 2,1957,1957.0,2057
DE0 2 ror,ror,0.055,DE0 2,1957,1957.0,2057
DE0 9 ror,ror,0.085,DE0 9,1957,1957.0,2057
DE0 2 ror,ror,0.36,DE0 2,1957,1957.0,2057
DE0 2 ror,ror,0.135,DE0 2,1957,1957.0,2057
DE0 G ror,ror,0.225,DE0 G,1957,1957.0,2057
DE0 2 ror,ror,0.052,DE0 2,1957,1957.0,2057
DE0 B ror,ror,0.055,DE0 B,1957,1957.0,2057
DE0 G ror,ror,0.264,DE0 G,1957,1957.0,2057
DE0 2 ror,ror,0.04,DE0 2,1957,1957.0,2057
DE0 D ror,ror,0.23,DE0 D,1957,1957.0,2057
DE0 1 ror,ror,0.35,DE0 1,1957,1957.0,2057
DE0 1 ror,ror,0.185,DE0 1,1957,1957.0,2057
DE0 D ror,ror,0.11,DE0 D,1957,1957.0,2057
DE0 1 ror,ror,0.605,DE0 1,1957,1957.0,2057
DE0 2 ror,ror,0.145,DE0 2,1957,1957.0,2057
DE0 1 ror,ror,0.06,DE0 1,1957,1957.0,2057
DE0 1 ror,ror,0.185,DE0 1,1957,1957.0,2057
DE0 2 ror,ror,0.06,DE0 2,1957,1957.0,2057
DE0 2 ror,ror,0.9,DE0 2,1957,1957.0,2057
DE0 D ror,ror,0.0844,DE0 D,1957,1957.0,2057
DE0 2 ror,ror,0.034,DE0 2,1957,1957.0,2057
DE0 9 ror,ror,1.5,DE0 9,1957,1957.0,2057
DE0 2 ror,ror,3.1500000000000004,DE0 2,1957,1957.0,2057
DE0 2 ror,ror,0.3720000000000001,DE0 2,1957,1957.0,2057
DE0 2 ror,ror,0.04,DE0 2,1957,1957.0,2057
DE0 D ror,ror,0.235,DE0 D,1957,1957.0,2057
DE0 2 ror,ror,1.4240000000000002,DE0 2,1957,1957.0,2057
DE0 1 ror,ror,0.42,DE0 1,1957,1957.0,2057
DE0 2 ror,ror,0.05,DE0 2,1957,1957.0,2057
DE0 2 ror,ror,0.25,DE0 2,1957,1957.0,2057
DE0 2 ror,ror,0.16,DE0 2,1957,1957.0,2057
DE0 7 ror,ror,0.033,DE0 7,1957,1957.0,2057
DE0 1 ror,ror,0.13,DE0 1,1957,1957.0,2057
DE0 A ror,ror,1.033,DE0 A,1957,1957.0,2057
DE0 7 ror,ror,0.115,DE0 7,1957,1957.0,2057
DE0 7 ror,ror,0.14,DE0 7,1957,1957.0,2057
DE0 2 ror,ror,1.5590000000000002,DE0 2,1957,1957.0,2057
DE0 2 ror,ror,0.075,DE0 2,1957,1957.0,2057
DE0 2 ror,ror,0.055,DE0 2,1957,1957.0,2057
DE0 1 ror,ror,0.06,DE0 1,1957,1957.0,2057
DE0 2 ror,ror,0.25,DE0 2,1957,1957.0,2057
DE0 1 ror,ror,0.05,DE0 1,1957,1957.0,2057
DE0 2 ror,ror,0.09,DE0 2,1957,1957.0,2057
DE0 2 ror,ror,0.718,DE0 2,1957,1957.0,2057
DE0 1 ror,ror,0.21,DE0 1,1957,1957.0,2057
DE0 1 ror,ror,0.3,DE0 1,1957,1957.0,2057
DE0 2 ror,ror,0.045,DE0 2,1957,1957.0,2057
DE0 2 ror,ror,0.045,DE0 2,1957,1957.0,2057
DE0 2 ror,ror,0.055,DE0 2,1957,1957.0,2057
DE0 2 ror,ror,0.038,DE0 2,1957,1957.0,2057
DE0 1 ror,ror,0.22,DE0 1,1957,1957.0,2057
DE0 2 ror,ror,0.0735,DE0 2,1957,1957.0,2057
DE0 1 ror,ror,0.1,DE0 1,1957,1957.0,2057
DE0 2 ror,ror,0.09,DE0 2,1957,1957.0,2057
DE0 B ror,ror,0.17,DE0 B,1957,1957.0,2057
DE0 2 ror,ror,0.075,DE0 2,1957,1957.0,2057
DE0 2 ror,ror,0.037,DE0 2,1957,1957.0,2057
DE0 1 ror,ror,0.48,DE0 1,1957,1957.0,2057
DE0 7 ror,ror,0.32,DE0 7,1957,1957.0,2057
DE0 7 ror,ror,0.151,DE0 7,1957,1957.0,2057
DE0 1 ror,ror,0.18,DE0 1,1957,1957.0,2057
DE0 D ror,ror,0.48,DE0 D,1957,1957.0,2057
DE0 E ror,ror,0.25,DE0 E,1957,1957.0,2057
DE0 1 ror,ror,0.49,DE0 1,1957,1957.0,2057
DE0 2 ror,ror,0.075,DE0 2,1957,1957.0,2057
DE0 G ror,ror,0.25,DE0 G,1957,1957.0,2057
DE0 D ror,ror,0.45,DE0 D,1957,1957.0,2057
DE0 2 ror,ror,0.038,DE0 2,1957,1957.0,2057
DE0 2 ror,ror,0.115,DE0 2,1957,1957.0,2057
DE0 4 ror,ror,0.065,DE0 4,1957,1957.0,2057
DE0 2 ror,ror,0.118,DE0 2,1957,1957.0,2057
DE0 1 ror,ror,0.055,DE0 1,1957,1957.0,2057
DE0 2 ror,ror,0.048,DE0 2,1957,1957.0,2057
DE0 7 ror,ror,0.25,DE0 7,1957,1957.0,2057
DE0 1 ror,ror,0.045,DE0 1,1957,1957.0,2057
DE0 D ror,ror,0.75,DE0 D,1957,1957.0,2057
DE0 A ror,ror,0.06,DE0 A,1957,1957.0,2057
DE0 2 ror,ror,0.06,DE0 2,1957,1957.0,2057
DE0 D ror,ror,0.47,DE0 D,1957,1957.0,2057
DE0 2 ror,ror,0.185,DE0 2,1957,1957.0,2057
DE0 2 ror,ror,0.228,DE0 2,1957,1957.0,2057
DE0 2 ror,ror,0.033,DE0 2,1957,1957.0,2057
DE0 2 ror,ror,0.04,DE0 2,1957,1957.0,2057
DE0 2 ror,ror,2.76,DE0 2,1957,1957.0,2057
DE0 1 ror,ror,0.045,DE0 1,1957,1957.0,2057
DE0 D ror,ror,0.08,DE0 D,1957,1957.0,2057
DE0 1 ror,ror,0.075,DE0 1,1957,1957.0,2057
DE0 1 ror,ror,0.075,DE0 1,1957,1957.0,2057
DE0 A ror,ror,0.132,DE0 A,1957,1957.0,2057
DE0 2 ror,ror,0.746,DE0 2,1957,1957.0,2057
DE0 2 ror,ror,0.1,DE0 2,1957,1957.0,2057
DE0 1 ror,ror,0.048,DE0 1,1957,1957.0,2057
DE0 1 ror,ror,0.035,DE0 1,1957,1957.0,2057
DE0 2 ror,ror,0.078,DE0 2,1957,1957.0,2057
DE0 2 ror,ror,0.045,DE0 2,1957,1957.0,2057
DE0 2 ror,ror,0.056,DE0 2,1957,1957.0,2057
DE0 1 ror,ror,0.08,DE0 1,1957,1957.0,2057
DE0 4 ror,ror,0.215,DE0 4,1957,1957.0,2057
DE0 1 ror,ror,0.037,DE0 1,1957,1957.0,2057
DE0 2 ror,ror,0.08,DE0 2,1957,1957.0,2057
DE0 9 ror,ror,0.13,DE0 9,1957,1957.0,2057
DE0 2 ror,ror,0.16,DE0 2,1957,1957.0,2057
DE0 2 ror,ror,0.21,DE0 2,1957,1957.0,2057
DE0 1 ror,ror,0.037,DE0 1,1957,1957.0,2057
DE0 7 ror,ror,0.11,DE0 7,1957,1957.0,2057
DE0 2 ror,ror,0.15,DE0 2,1957,1957.0,2057
DE0 A ror,ror,0.15,DE0 A,1957,1957.0,2057
DE0 G ror,ror,0.05,DE0 G,1957,1957.0,2057
DE0 1 ror,ror,0.22,DE0 1,1957,1957.0,2057
DE0 1 ror,ror,0.037,DE0 1,1957,1957.0,2057
DE0 2 ror,ror,0.066,DE0 2,1957,1957.0,2057
DE0 A ror,ror,1.5,DE0 A,1957,1957.0,2057
DE0 8 ror,ror,0.16,DE0 8,1957,1957.0,2057
DE0 D ror,ror,0.468,DE0 D,1957,1957.0,2057
DE0 2 ror,ror,0.033,DE0 2,1957,1957.0,2057
DE0 2 ror,ror,0.095,DE0 2,1957,1957.0,2057
DE0 7 ror,ror,0.115,DE0 7,1957,1957.0,2057
DE0 1 ror,ror,0.09,DE0 1,1957,1957.0,2057
DE0 1 ror,ror,0.98,DE0 1,1957,1957.0,2057
DE0 2 ror,ror,0.0485,DE0 2,1957,1957.0,2057
DE0 B ror,ror,0.15,DE0 B,1957,1957.0,2057
DE0 9 ror,ror,0.085,DE0 9,1957,1957.0,2057
DE0 D ror,ror,0.585,DE0 D,1957,1957.0,2057
DE0 D ror,ror,0.1669999999999999,DE0 D,1957,1957.0,2057
DE0 D ror,ror,0.25,DE0 D,1957,1957.0,2057
DE0 D ror,ror,0.29,DE0 D,1957,1957.0,2057
DE0 1 ror,ror,0.09,DE0 1,1957,1957.0,2057
DE0 1 ror,ror,0.09,DE0 1,1957,1957.0,2057
DE0 2 ror,ror,0.038,DE0 2,1957,1957.0,2057
DE0 2 ror,ror,0.036,DE0 2,1957,1957.0,2057
DE0 2 ror,ror,0.05,DE0 2,1957,1957.0,2057
DE0 D ror,ror,0.075,DE0 D,1957,1957.0,2057
DE0 G ror,ror,0.067,DE0 G,1957,1957.0,2057
DE0 2 ror,ror,0.12,DE0 2,1957,1957.0,2057
DE0 2 ror,ror,0.035,DE0 2,1957,1957.0,2057
DE0 1 ror,ror,0.475,DE0 1,1957,1957.0,2057
DE0 9 ror,ror,0.3,DE0 9,1957,1957.0,2057
DE0 G ror,ror,0.29,DE0 G,1957,1957.0,2057
DE0 1 ror,ror,0.11,DE0 1,1957,1957.0,2057
DE0 1 ror,ror,0.0955,DE0 1,1957,1957.0,2057
DE0 D ror,ror,0.45,DE0 D,1957,1957.0,2057
DE0 1 ror,ror,0.075,DE0 1,1957,1957.0,2057
DE0 1 ror,ror,0.447,DE0 1,1957,1957.0,2057
DE0 E ror,ror,1.45,DE0 E,1957,1957.0,2057
DE0 D ror,ror,1.0,DE0 D,1957,1957.0,2057
DE0 G ror,ror,0.045,DE0 G,1957,1957.0,2057
DE0 1 ror,ror,0.16,DE0 1,1957,1957.0,2057
DE0 2 ror,ror,0.188,DE0 2,1957,1957.0,2057
DE0 D ror,ror,0.655,DE0 D,1957,1957.0,2057
DE0 2 ror,ror,0.06,DE0 2,1957,1957.0,2057
DE0 2 ror,ror,0.035,DE0 2,1957,1957.0,2057
DE0 9 ror,ror,0.5,DE0 9,1957,1957.0,2057
DE0 2 ror,ror,0.07,DE0 2,1957,1957.0,2057
DE0 1 ror,ror,0.26,DE0 1,1957,1957.0,2057
DE0 1 ror,ror,0.622,DE0 1,1957,1957.0,2057
DE0 2 ror,ror,0.083,DE0 2,1957,1957.0,2057
DE0 E ror,ror,1.2,DE0 E,1957,1957.0,2057
DE0 4 ror,ror,0.095,DE0 4,1957,1957.0,2057
DE0 D ror,ror,0.12,DE0 D,1957,1957.0,2057
DE0 2 ror,ror,0.032,DE0 2,1957,1957.0,2057
DE0 D ror,ror,0.585,DE0 D,1957,1957.0,2057
DE0 G ror,ror,0.6,DE0 G,1957,1957.0,2057
DE0 D ror,ror,0.11,DE0 D,1957,1957.0,2057
DE0 2 ror,ror,0.034,DE0 2,1957,1957.0,2057
DE0 A ror,ror,0.11,DE0 A,1957,1957.0,2057
DE0 2 ror,ror,0.096,DE0 2,1957,1957.0,2057
DE0 D ror,ror,0.093,DE0 D,1957,1957.0,2057
DE0 2 ror,ror,0.052,DE0 2,1957,1957.0,2057
DE0 1 ror,ror,0.0788,DE0 1,1957,1957.0,2057
DE0 1 ror,ror,0.33,DE0 1,1957,1957.0,2057
DE0 2 ror,ror,1.2,DE0 2,1957,1957.0,2057
DE0 2 ror,ror,0.13,DE0 2,1957,1957.0,2057
DE0 2 ror,ror,0.1,DE0 2,1957,1957.0,2057
DE0 D ror,ror,0.28,DE0 D,1957,1957.0,2057
DE0 2 ror,ror,0.037,DE0 2,1957,1957.0,2057
DE0 G ror,ror,0.312,DE0 G,1957,1957.0,2057
DE0 A ror,ror,0.45,DE0 A,1957,1957.0,2057
DE0 2 ror,ror,0.075,DE0 2,1957,1957.0,2057
DE0 2 ror,ror,0.05,DE0 2,1957,1957.0,2057
DE0 2 ror,ror,0.35,DE0 2,1957,1957.0,2057
DE0 1 ror,ror,0.072,DE0 1,1957,1957.0,2057
DE0 D ror,ror,1.5,DE0 D,1957,1957.0,2057
DE0 1 ror,ror,0.055,DE0 1,1957,1957.0,2057
DE0 2 ror,ror,0.0368,DE0 2,1957,1957.0,2057
DE0 2 ror,ror,0.07,DE0 2,1957,1957.0,2057
DE0 2 ror,ror,0.2,DE0 2,1957,1957.0,2057
DE0 E ror,ror,4.5,DE0 E,1957,1957.0,2057
DE0 2 ror,ror,4.2,DE0 2,1957,1957.0,2057
DE0 2 ror,ror,0.227,DE0 2,1957,1957.0,2057
DE0 2 ror,ror,0.225,DE0 2,1957,1957.0,2057
DE0 A ror,ror,0.5,DE0 A,1957,1957.0,2057
DE0 E ror,ror,1.45,DE0 E,1957,1957.0,2057
DE0 D ror,ror,0.757,DE0 D,1957,1957.0,2057
DE0 1 ror,ror,0.33,DE0 1,1957,1957.0,2057
DE0 2 ror,ror,0.779,DE0 2,1957,1957.0,2057
DE0 2 ror,ror,0.33,DE0 2,1957,1957.0,2057
DE0 2 ror,ror,0.27,DE0 2,1957,1957.0,2057
DE0 2 ror,ror,0.25,DE0 2,1957,1957.0,2057
DE0 1 ror,ror,0.334,DE0 1,1957,1957.0,2057
DE0 2 ror,ror,0.08,DE0 2,1957,1957.0,2057
DE0 1 ror,ror,0.39,DE0 1,1957,1957.0,2057
DE0 2 ror,ror,0.2611,DE0 2,1957,1957.0,2057
DE0 1 ror,ror,0.11,DE0 1,1957,1957.0,2057
DE0 2 ror,ror,0.07,DE0 2,1957,1957.0,2057
DE0 2 ror,ror,0.09,DE0 2,1957,1957.0,2057
DE0 B ror,ror,0.17,DE0 B,1957,1957.0,2057
DE0 1 ror,ror,0.04,DE0 1,1957,1957.0,2057
DE0 2 ror,ror,0.624,DE0 2,1957,1957.0,2057
DE0 2 ror,ror,0.04,DE0 2,1957,1957.0,2057
DE0 2 ror,ror,0.06,DE0 2,1957,1957.0,2057
DE0 2 ror,ror,0.3697,DE0 2,1957,1957.0,2057
DE0 2 ror,ror,0.0342,DE0 2,1957,1957.0,2057
DE0 1 ror,ror,0.045,DE0 1,1957,1957.0,2057
DE0 G ror,ror,0.245,DE0 G,1957,1957.0,2057
DE0 2 ror,ror,0.5,DE0 2,1957,1957.0,2057
DE0 2 ror,ror,0.0421,DE0 2,1957,1957.0,2057
DE0 2 ror,ror,47.1,DE0 2,1957,1957.0,2057
DE0 7 ror,ror,0.06,DE0 7,1957,1957.0,2057
DE0 D ror,ror,0.132,DE0 D,1957,1957.0,2057
DE0 2 ror,ror,0.41,DE0 2,1957,1957.0,2057
DE0 2 ror,ror,0.16,DE0 2,1957,1957.0,2057
DE0 9 ror,ror,0.108,DE0 9,1957,1957.0,2057
DE0 2 ror,ror,0.055,DE0 2,1957,1957.0,2057
DE0 D ror,ror,0.32,DE0 D,1957,1957.0,2057
DE0 2 ror,ror,0.037,DE0 2,1957,1957.0,2057
DE0 2 ror,ror,26.56,DE0 2,1957,1957.0,2057
DE0 2 ror,ror,0.09,DE0 2,1957,1957.0,2057
DE0 1 ror,ror,1.3,DE0 1,1957,1957.0,2057
DE0 D ror,ror,0.21,DE0 D,1957,1957.0,2057
DE0 2 ror,ror,0.04,DE0 2,1957,1957.0,2057
DE0 1 ror,ror,0.09,DE0 1,1957,1957.0,2057
DE0 1 ror,ror,0.034,DE0 1,1957,1957.0,2057
DE0 D ror,ror,0.26,DE0 D,1957,1957.0,2057
DE0 D ror,ror,0.165,DE0 D,1957,1957.0,2057
DE0 2 ror,ror,0.09,DE0 2,1957,1957.0,2057
DE0 2 ror,ror,0.04,DE0 2,1957,1957.0,2057
DE0 2 ror,ror,0.045,DE0 2,1957,1957.0,2057
DE0 4 ror,ror,0.095,DE0 4,1957,1957.0,2057
DE0 2 ror,ror,0.292,DE0 2,1957,1957.0,2057
DE0 2 ror,ror,0.056,DE0 2,1957,1957.0,2057
DE0 2 ror,ror,0.084,DE0 2,1957,1957.0,2057
DE0 2 ror,ror,0.078,DE0 2,1957,1957.0,2057
DE0 1 ror,ror,0.099,DE0 1,1957,1957.0,2057
DE0 2 ror,ror,0.067,DE0 2,1957,1957.0,2057
DE0 E ror,ror,0.32,DE0 E,1957,1957.0,2057
DE0 2 ror,ror,0.135,DE0 2,1957,1957.0,2057
DE0 2 ror,ror,0.039,DE0 2,1957,1957.0,2057
DE0 1 ror,ror,0.045,DE0 1,1957,1957.0,2057
DE0 1 ror,ror,0.06,DE0 1,1957,1957.0,2057
DE0 D ror,ror,0.045,DE0 D,1957,1957.0,2057
DE0 1 ror,ror,0.07,DE0 1,1957,1957.0,2057
DE0 D ror,ror,0.27,DE0 D,1957,1957.0,2057
DE0 9 ror,ror,0.037,DE0 9,1957,1957.0,2057
DE0 2 ror,ror,0.075,DE0 2,1957,1957.0,2057
DE0 1 ror,ror,0.15403,DE0 1,1957,1957.0,2057
DE0 1 ror,ror,0.075,DE0 1,1957,1957.0,2057
DE0 2 ror,ror,0.075,DE0 2,1957,1957.0,2057
DE0 2 ror,ror,0.17,DE0 2,1957,1957.0,2057
DE0 E ror,ror,0.045,DE0 E,1957,1957.0,2057
DE0 2 ror,ror,0.055,DE0 2,1957,1957.0,2057
DE0 D ror,ror,0.5840000000000001,DE0 D,1957,1957.0,2057
DE0 2 ror,ror,0.037,DE0 2,1957,1957.0,2057
DE0 A ror,ror,0.055,DE0 A,1957,1957.0,2057
DE0 D ror,ror,0.4,DE0 D,1957,1957.0,2057
DE0 7 ror,ror,0.091,DE0 7,1957,1957.0,2057
DE0 1 ror,ror,0.15,DE0 1,1957,1957.0,2057
DE0 2 ror,ror,0.06,DE0 2,1957,1957.0,2057
DE0 2 ror,ror,0.036,DE0 2,1957,1957.0,2057
DE0 1 ror,ror,0.2,DE0 1,1957,1957.0,2057
DE0 D ror,ror,31.3,DE0 D,1957,1957.0,2057
DE0 1 ror,ror,0.146,DE0 1,1957,1957.0,2057
DE0 D ror,ror,0.655,DE0 D,1957,1957.0,2057
DE0 1 ror,ror,0.495,DE0 1,1957,1957.0,2057
DE0 2 ror,ror,0.145,DE0 2,1957,1957.0,2057
DE0 D ror,ror,0.36,DE0 D,1957,1957.0,2057
DE0 7 ror,ror,0.44,DE0 7,1957,1957.0,2057
DE0 7 ror,ror,0.19,DE0 7,1957,1957.0,2057
DE0 1 ror,ror,0.165,DE0 1,1957,1957.0,2057
DE0 1 ror,ror,0.344,DE0 1,1957,1957.0,2057
DE0 2 ror,ror,0.64,DE0 2,1957,1957.0,2057
DE0 1 ror,ror,0.078,DE0 1,1957,1957.0,2057
DE0 1 ror,ror,0.048,DE0 1,1957,1957.0,2057
DE0 2 ror,ror,0.07,DE0 2,1957,1957.0,2057
DE0 2 ror,ror,0.043,DE0 2,1957,1957.0,2057
DE0 2 ror,ror,0.1,DE0 2,1957,1957.0,2057
DE0 2 ror,ror,0.0465,DE0 2,1957,1957.0,2057
DE0 1 ror,ror,0.09,DE0 1,1957,1957.0,2057
DE0 7 ror,ror,0.14,DE0 7,1957,1957.0,2057
DE0 7 ror,ror,19.0,DE0 7,1957,1957.0,2057
DE0 G ror,ror,0.048,DE0 G,1957,1957.0,2057
DE0 2 ror,ror,0.045,DE0 2,1957,1957.0,2057
DE0 1 ror,ror,0.25,DE0 1,1957,1957.0,2057
DE0 2 ror,ror,0.6,DE0 2,1957,1957.0,2057
DE0 1 ror,ror,0.19,DE0 1,1957,1957.0,2057
DE0 2 ror,ror,0.045,DE0 2,1957,1957.0,2057
DE0 2 ror,ror,0.035,DE0 2,1957,1957.0,2057
DE0 1 ror,ror,0.585,DE0 1,1957,1957.0,2057
DE0 2 ror,ror,1.42,DE0 2,1957,1957.0,2057
DE0 A ror,ror,0.49,DE0 A,1957,1957.0,2057
DE0 7 ror,ror,0.23,DE0 7,1957,1957.0,2057
DE0 E ror,ror,0.4,DE0 E,1957,1957.0,2057
DE0 D ror,ror,0.06,DE0 D,1957,1957.0,2057
DE0 2 ror,ror,0.055,DE0 2,1957,1957.0,2057
DE0 2 ror,ror,0.49,DE0 2,1957,1957.0,2057
DE0 2 ror,ror,0.053,DE0 2,1957,1957.0,2057
DE0 2 ror,ror,0.068,DE0 2,1957,1957.0,2057
DE0 1 ror,ror,0.124,DE0 1,1957,1957.0,2057
DE0 A ror,ror,4.799999999999999,DE0 A,1957,1957.0,2057
DE0 D ror,ror,0.095,DE0 D,1957,1957.0,2057
DE0 2 ror,ror,0.0378,DE0 2,1957,1957.0,2057
DE0 1 ror,ror,0.075,DE0 1,1957,1957.0,2057
DE0 2 ror,ror,0.03648,DE0 2,1957,1957.0,2057
DE0 2 ror,ror,0.08,DE0 2,1957,1957.0,2057
DE0 A ror,ror,0.06,DE0 A,1957,1957.0,2057
DE0 1 ror,ror,0.089,DE0 1,1957,1957.0,2057
DE0 9 ror,ror,0.0954,DE0 9,1957,1957.0,2057
DE0 D ror,ror,0.395,DE0 D,1957,1957.0,2057
DE0 1 ror,ror,0.114,DE0 1,1957,1957.0,2057
DE0 2 ror,ror,0.16,DE0 2,1957,1957.0,2057
DE0 2 ror,ror,0.18,DE0 2,1957,1957.0,2057
DE0 2 ror,ror,0.07,DE0 2,1957,1957.0,2057
DE0 1 ror,ror,0.04,DE0 1,1957,1957.0,2057
DE0 E ror,ror,0.15,DE0 E,1957,1957.0,2057
DE0 2 ror,ror,0.09,DE0 2,1957,1957.0,2057
DE0 2 ror,ror,0.16,DE0 2,1957,1957.0,2057
DE0 1 ror,ror,0.095,DE0 1,1957,1957.0,2057
DE0 E ror,ror,1.893,DE0 E,1957,1957.0,2057
DE0 1 ror,ror,1.0,DE0 1,1957,1957.0,2057
DE0 A lignite,lignite,3406.0,DE0 A,1965,2009.0,2054
DE0 A CCGT,CCGT,525.09170841,DE0 A,2007,2007.0,2047
DE0 A CCGT,CCGT,763.08291438,DE0 A,1976,2011.0,2051
DE0 2 CCGT,CCGT,1771.71231111,DE0 2,2010,2011.0,2051
DE0 4 lignite,lignite,2790.0,DE0 4,1981,1996.0,2041
DE0 4 OCGT,OCGT,206.51088772,DE0 4,1981,2017.0,2057
DE0 A CCGT,CCGT,1548.8316579,DE0 A,2006,2013.0,2053
DE0 D CCGT,CCGT,327.3953098,DE0 D,1995,1995.0,2035
DE0 D lignite,lignite,1750.0,DE0 D,1999,2000.0,2045
DE0 A lignite,lignite,2091.0,DE0 A,1972,1976.0,2021
DE0 B CCGT,CCGT,968.586431916,DE0 B,1976,2000.0,2040
DE0 B CCGT,CCGT,15.110552760000001,DE0 B,2003,2003.0,2043
DE0 A CCGT,CCGT,795.82244536,DE0 A,1973,1984.0,2024
DE0 4 CCGT,CCGT,559.09045212,DE0 4,1996,1996.0,2036
DE0 D lignite,lignite,2427.0,DE0 D,1979,2012.0,2057
DE0 1 CCGT,CCGT,444.50209369,DE0 1,1998,1998.0,2038
DE0 A CCGT,CCGT,737.89865978,DE0 A,2000,2000.0,2040
DE0 9 CCGT,CCGT,2313.17378501,DE0 9,1973,2010.0,2050
DE0 A lignite,lignite,562.0,DE0 A,1966,1990.0,2035
DE0 4 OCGT,OCGT,181.32663312,DE0 4,1975,2000.0,2040
DE0 E lignite,lignite,900.0,DE0 E,1996,1996.0,2041
DE0 4 lignite,lignite,1500.0,DE0 4,1997,1998.0,2043
DE0 9 CCGT,CCGT,559.720058485,DE0 9,2016,2016.0,2056
DE0 A CCGT,CCGT,155.512772155,DE0 A,2004,2010.0,2050
DE0 9 CCGT,CCGT,289.6189279,DE0 9,1998,2013.0,2053
DE0 D CCGT,CCGT,210.28852591,DE0 D,1996,2010.0,2050
DE0 2 CCGT,CCGT,214.0661641,DE0 2,1979,2001.0,2041
DE0 9 OCGT,OCGT,404.20728633,DE0 9,1978,2006.0,2046
DE0 2 CCGT,CCGT,820.880778687,DE0 2,1980,2004.0,2044
DE0 7 OCGT,OCGT,88.1448911,DE0 7,2004,2004.0,2044
DE0 4 oil,oil,333.5,DE0 4,1972,2011.0,2051
DE0 2 CCGT,CCGT,188.8819095,DE0 2,2005,2005.0,2045
DE0 F oil,oil,256.0,DE0 F,1982,1982.0,2022
DE0 A CCGT,CCGT,1070.3308205,DE0 A,1994,1994.0,2034
DE0 A OCGT,OCGT,1441.79857585,DE0 A,1994,1994.0,2034
DE0 4 OCGT,OCGT,181.32663312,DE0 4,1972,1998.0,2038
DE0 9 lignite,lignite,352.0,DE0 9,1985,2002.0,2047
DE0 A CCGT,CCGT,1099.166792017,DE0 A,2005,2016.0,2056
DE0 2 OCGT,OCGT,184.663173633556,DE0 2,1994,1994.0,2034
DE0 A OCGT,OCGT,314.8031825,DE0 A,1994,1994.0,2034
DE0 9 OCGT,OCGT,125.921273,DE0 9,1994,1994.0,2034
DE0 2 OCGT,OCGT,71.77512561,DE0 2,2007,2007.0,2047
DE0 G OCGT,OCGT,13.85134003,DE0 G,1996,1996.0,2036
DE0 G CCGT,CCGT,137.380108843,DE0 G,1999,2014.0,2054
DE0 2 OCGT,OCGT,20.14740368,DE0 2,2017,2017.0,2057
DE0 A OCGT,OCGT,32.73953098,DE0 A,2004,2004.0,2044
DE0 2 CCGT,CCGT,153.62395306,DE0 2,1971,2009.0,2049
DE0 7 oil,oil,24.8,DE0 7,2011,2011.0,2051
DE0 1 OCGT,OCGT,36.769011716,DE0 1,2018,2018.0,2058
DE0 2 OCGT,OCGT,92.04845056299999,DE0 2,2002,2002.0,2042
DE0 G OCGT,OCGT,93.18174202,DE0 G,1996,1996.0,2036
DE0 1 CCGT,CCGT,50.3685092,DE0 1,1998,1998.0,2038
DE0 E lignite,lignite,49.0,DE0 E,1996,1996.0,2041
DE0 4 lignite,lignite,74.0,DE0 4,1999,1999.0,2044
DE0 7 OCGT,OCGT,119.121524258,DE0 7,2013,2013.0,2053
DE0 D lignite,lignite,147.6,DE0 D,1988,2010.0,2055
DE0 1 OCGT,OCGT,16.999371855,DE0 1,2001,2001.0,2041
DE0 A OCGT,OCGT,15.866080398,DE0 A,2011,2011.0,2051
DE0 D CCGT,CCGT,16.508278890299998,DE0 D,1993,1993.0,2033
DE0 A CCGT,CCGT,184.474664945,DE0 A,1981,1981.0,2021
DE0 4 CCGT,CCGT,201.4740368,DE0 4,1994,1994.0,2034
DE0 9 CCGT,CCGT,16.36976549,DE0 9,2000,2000.0,2040
DE0 8 OCGT,OCGT,28.96189279,DE0 8,1994,1994.0,2034
DE0 E CCGT,CCGT,49.10929647,DE0 E,1998,1998.0,2038
DE0 A CCGT,CCGT,131.08404519299998,DE0 A,2005,2005.0,2045
DE0 E CCGT,CCGT,192.785468963,DE0 E,2005,2013.0,2053
DE0 2 oil,oil,92.8,DE0 2,1982,1982.0,2022
DE0 1 OCGT,OCGT,23.799120596999998,DE0 1,2014,2014.0,2054
DE0 8 OCGT,OCGT,18.510427131,DE0 8,1996,1996.0,2036
DE0 9 OCGT,OCGT,23.673199324000002,DE0 9,1998,1998.0,2038
DE0 1 OCGT,OCGT,37.7763819,DE0 1,2017,2017.0,2057
DE0 A OCGT,OCGT,55.40536012,DE0 A,2013,2013.0,2053
DE0 G CCGT,CCGT,229.17671686,DE0 G,1996,1996.0,2036
DE0 F OCGT,OCGT,27.073073695,DE0 F,2005,2005.0,2045
DE0 A CCGT,CCGT,103.25544386,DE0 A,2005,2005.0,2045
DE0 E CCGT,CCGT,176.919388565,DE0 E,1994,1994.0,2034
DE0 E OCGT,OCGT,22.413986594,DE0 E,1994,1994.0,2034
DE0 9 OCGT,OCGT,13.095812392000001,DE0 9,2014,2014.0,2054
DE0 7 OCGT,OCGT,14.355025122,DE0 7,1999,1999.0,2039
DE0 A OCGT,OCGT,16.999371855,DE0 A,1996,1996.0,2036
DE0 E CCGT,CCGT,133.47654938,DE0 E,2000,2000.0,2040
DE0 A OCGT,OCGT,26.065703511,DE0 A,2004,2004.0,2044
DE0 B CCGT,CCGT,516.2772193,DE0 B,1997,1997.0,2037
DE0 7 OCGT,OCGT,173.393592921,DE0 7,1994,2018.0,2058
DE0 E OCGT,OCGT,33.99874371,DE0 E,1996,1996.0,2036
DE0 E lignite,lignite,31.0,DE0 E,1994,1994.0,2039
DE0 E OCGT,OCGT,50.3685092,DE0 E,1997,1997.0,2037
DE0 B OCGT,OCGT,74.29355107,DE0 B,2007,2007.0,2047
DE0 2 OCGT,OCGT,16.747529309,DE0 2,2012,2016.0,2056
DE0 4 OCGT,OCGT,103.003601314,DE0 4,1996,1996.0,2036
DE0 2 oil,oil,11.4,DE0 2,1988,1988.0,2028
DE0 A CCGT,CCGT,47.220477375,DE0 A,2005,2005.0,2045
DE0 8 CCGT,CCGT,94.44095475,DE0 8,1997,1997.0,2037
DE0 1 OCGT,OCGT,16.873450582,DE0 1,2000,2000.0,2040
DE0 2 CCGT,CCGT,125.921273,DE0 2,1920,1995.0,2035
DE0 G OCGT,OCGT,25.1842546,DE0 G,1995,1995.0,2035
DE0 4 OCGT,OCGT,231.065535955,DE0 4,1987,1989.0,2029
DE0 G OCGT,OCGT,12.214363481,DE0 G,1994,1994.0,2034
DE0 8 CCGT,CCGT,135.99497484,DE0 8,1996,1996.0,2036
DE0 7 CCGT,CCGT,141.157747033,DE0 7,1999,1999.0,2039
DE0 2 OCGT,OCGT,176.2897822,DE0 2,1954,2014.0,2054
DE0 9 CCGT,CCGT,197.69639861,DE0 9,2015,2015.0,2055
DE0 E CCGT,CCGT,125.921273,DE0 E,2015,2015.0,2055
DE0 E OCGT,OCGT,14.355025122,DE0 E,1999,1999.0,2039
DE0 E OCGT,OCGT,27.70268006,DE0 E,1994,1994.0,2034
DE0 C OCGT,OCGT,48.605611378,DE0 C,2012,2012.0,2052
DE0 4 CCGT,CCGT,153.62395306,DE0 4,1994,1994.0,2034
DE0 A oil,oil,4.8,DE0 A,1997,1997.0,2037
DE0 7 OCGT,OCGT,121.514028445,DE0 7,2012,2012.0,2052
DE0 1 OCGT,OCGT,318.58082069,DE0 1,1971,1997.0,2037
DE0 2 CCGT,CCGT,59.18299831,DE0 2,2013,2013.0,2053
DE0 7 CCGT,CCGT,98.21859294,DE0 7,2011,2011.0,2051
DE0 B OCGT,OCGT,16.36976549,DE0 B,2013,2013.0,2053
DE0 A OCGT,OCGT,12.843969845999998,DE0 A,2000,2000.0,2040
DE0 A OCGT,OCGT,26.569388603,DE0 A,2012,2012.0,2052
DE0 1 CCGT,CCGT,12.340284754,DE0 1,2011,2011.0,2051
DE0 B OCGT,OCGT,15.740159125,DE0 B,2008,2008.0,2048
DE0 A lignite,lignite,2120.0,DE0 A,2012,2012.0,2057
DE0 G OCGT,OCGT,16.999371855,DE0 G,1995,1995.0,2035
DE0 9 OCGT,OCGT,83.10804018,DE0 9,1996,1996.0,2036
DE0 B OCGT,OCGT,14.480946395,DE0 B,1991,1991.0,2031
DE0 2 OCGT,OCGT,31.984003341999998,DE0 2,1996,1996.0,2036
DE0 2 OCGT,OCGT,42.4858375102,DE0 2,1992,2014.0,2054
DE0 A OCGT,OCGT,13.977261302999999,DE0 A,1991,2005.0,2045
DE0 A OCGT,OCGT,31.48031825,DE0 A,1994,1994.0,2034
DE0 2 CCGT,CCGT,35.635720259,DE0 2,2005,2014.0,2054
DE0 D OCGT,OCGT,43.190996639,DE0 D,1998,1998.0,2038
DE0 E lignite,lignite,23.3,DE0 E,1993,1993.0,2038
DE0 E OCGT,OCGT,29.339656609000002,DE0 E,1993,1993.0,2033
DE0 4 lignite,lignite,45.0,DE0 4,1997,1997.0,2042
DE0 7 lignite,lignite,33.5,DE0 7,1989,1989.0,2034
DE0 F CCGT,CCGT,98.21859294,DE0 F,2016,2016.0,2056
DE0 C OCGT,OCGT,27.70268006,DE0 C,2016,2016.0,2056
DE0 A lignite,lignite,176.0,DE0 A,1959,1988.0,2033
DE0 D OCGT,OCGT,16.873450582,DE0 D,2013,2013.0,2053
DE0 A OCGT,OCGT,23.799120596999998,DE0 A,1992,1992.0,2032
DE0 A OCGT,OCGT,19.014112222999998,DE0 A,1996,1996.0,2036
DE0 2 CCGT,CCGT,29.339656609000002,DE0 2,2011,2013.0,2053
DE0 2 OCGT,OCGT,38.657830811,DE0 2,2004,2004.0,2044
DE0 A CCGT,CCGT,65.35314068699999,DE0 A,1996,1996.0,2036
DE0 C OCGT,OCGT,24.554648235,DE0 C,2014,2014.0,2054
DE0 B CCGT,CCGT,48.857453924,DE0 B,1992,2013.0,2053
DE0 A lignite,lignite,0.0,DE0 A,1993,1993.0,2038
DE0 E lignite,lignite,45.0,DE0 E,1979,1979.0,2024
DE0 G OCGT,OCGT,65.47906196,DE0 G,2013,2013.0,2053
DE0 2 OCGT,OCGT,30.221105520000002,DE0 2,2001,2001.0,2041
DE0 E CCGT,CCGT,134.73576211,DE0 E,1994,1994.0,2034
DE0 8 OCGT,OCGT,47.85008374,DE0 8,2013,2013.0,2053
DE0 A OCGT,OCGT,30.221105520000002,DE0 A,1995,1995.0,2035
DE0 B OCGT,OCGT,14.606867668,DE0 B,1989,1989.0,2029
DE0 A OCGT,OCGT,119.62520935,DE0 A,2013,2013.0,2053
DE0 A lignite,lignite,9.3,DE0 A,1983,1983.0,2028
DE0 8 OCGT,OCGT,19.014112222999998,DE0 8,1993,1993.0,2033
DE0 7 OCGT,OCGT,62.9606365,DE0 7,1988,1988.0,2028
DE0 D OCGT,OCGT,58.679313218000004,DE0 D,1993,1993.0,2033
DE0 9 CCGT,CCGT,18.636348404,DE0 9,2002,2002.0,2042
DE0 A CCGT,CCGT,50.116666654,DE0 A,1999,1999.0,2039
DE0 9 OCGT,OCGT,38.657830811,DE0 9,2012,2012.0,2052
DE0 A oil,oil,114.4,DE0 A,2004,2004.0,2044
DE0 2 OCGT,OCGT,19.014112222999998,DE0 2,2000,2000.0,2040
DE0 A CCGT,CCGT,19.895561134,DE0 A,2001,2001.0,2041
DE0 A lignite,lignite,75.3,DE0 A,2010,2010.0,2055
DE0 1 oil,oil,70.0,DE0 1,1995,1995.0,2035
DE0 B CCGT,CCGT,685.641331485,DE0 B,1992,2005.0,2045
DE0 9 CCGT,CCGT,118.36599662,DE0 9,1971,2010.0,2050
DE0 2 oil,oil,0.5,DE0 2,1991,1991.0,2031
DE0 A OCGT,OCGT,14.355025122,DE0 A,2002,2002.0,2042
DE0 A lignite,lignite,14.5,DE0 A,1991,1991.0,2036
DE0 A lignite,lignite,23.2,DE0 A,2013,2013.0,2058
DE0 E lignite,lignite,20.3,DE0 E,2014,2014.0,2059
DE0 A OCGT,OCGT,12.843969845999998,DE0 A,2017,2017.0,2057
DE0 1 OCGT,OCGT,44.198366823,DE0 1,1968,1988.0,2028
DE0 9 OCGT,OCGT,73.7646817234,DE0 9,1968,1989.0,2029
DE0 2 CCGT,CCGT,149.216708505,DE0 2,2010,2010.0,2050
DE0 C CCGT,CCGT,94.44095475,DE0 C,2005,2005.0,2045
DE0 8 OCGT,OCGT,56.538651576999996,DE0 8,1994,1994.0,2034
DE0 1 OCGT,OCGT,119.62520935,DE0 1,2013,2013.0,2053
DE0 2 oil,oil,24.0,DE0 2,1988,1988.0,2028
DE0 A oil,oil,60.0,DE0 A,2008,2008.0,2048
DE0 E oil,oil,120.0,DE0 E,1994,1994.0,2034
DE0 D oil,oil,17.0,DE0 D,1995,1995.0,2035
DE0 D OCGT,OCGT,24.050963143,DE0 D,1997,1997.0,2037
DE0 F CCGT,CCGT,159.92001671,DE0 F,2009,2009.0,2049
DE0 A CCGT,CCGT,1071.841875776,DE0 A,1990,2008.0,2048
DE0 1 oil,oil,136.0,DE0 1,1981,1981.0,2021
DE0 A OCGT,OCGT,503.685092,DE0 A,2006,2006.0,2046
DE0 9 OCGT,OCGT,19.895561134,DE0 9,2003,2003.0,2043
DE0 E OCGT,OCGT,29.465577881999998,DE0 E,1994,1994.0,2034
DE0 A OCGT,OCGT,16.117922944,DE0 A,2001,2001.0,2041
DE0 1 OCGT,OCGT,41.55402009,DE0 1,1984,1984.0,2024
DE0 7 OCGT,OCGT,31.48031825,DE0 7,2006,2006.0,2046
DE0 G OCGT,OCGT,27.828601333,DE0 G,1993,1993.0,2033
DE0 7 CCGT,CCGT,86.88567837,DE0 7,2009,2009.0,2049
DE0 9 OCGT,OCGT,22.791750413000003,DE0 9,1996,1996.0,2036
DE0 G OCGT,OCGT,878.93048554,DE0 G,1994,1994.0,2034
